<?xml version="1.0" encoding="UTF-8" standalone="yes"?>
<addon id="plugin.video.douyutv-fix"
  name="douyutv-fix"
  version="2.2"
  provider-name="heifeng">
  <requires>
    <import addon="xbmc.python" version="2.1.0"/>
  </requires>
  <extension point="xbmc.python.pluginsource" library="douyutv.py">
  <provides>video</provides>
  </extension>
  <extension point="xbmc.addon.metadata">
    <platform>all</platform>
    <summary>douyutv-fix</summary>
    <description>Douyu TV</description>
    <disclaimer>this is based on unclepur@1.0.5</disclaimer>
  </extension>
</addon>
